paper_forum,n_reviews,title
zyfEWkV6it,6,AutoSparse: Towards Automated Sparse Training
zEn1BhaNYsC,5,Minimax Optimal Kernel Operator Learning via Multilevel Training
zA7hVj3rR19,4,How hard are computer vision datasets? Calibrating dataset difficulty to viewing time
zAbFj7FpD-C,4,Interpreting Distributional Reinforcement Learning: A Regularization Perspective
zClyiZ5V6sL,4,TiAda: A Time-scale Adaptive Algorithm for Nonconvex Minimax Optimization
zAxuIJLb38,4,Knowledge Unlearning for Mitigating Privacy Risks in Language Models
zDiHoIWa0q1,4,Omnigrok: Grokking Beyond Algorithmic Data
zDjtZZBZtqK,4,Denoising Masked Autoencoders Help Robust Classification
zGy_wqpRGTa,4,Private Data Stream Analysis for Universal Symmetric Norm Estimation
zH9GcZ3ZGXu,4,Feature Reconstruction From Outputs Can Mitigate Simplicity Bias in Neural Networks
zHSaBQtj-l,4,Differentiable Rendering with Reparameterized Volume Sampling
zKvm1ETDOq,4,Is Adversarial Training Really a Silver Bullet for Mitigating Data Poisoning?
zOHQGKO3WGY,4,Semi-supervised learning with a principled likelihood from a generative model of data curation
zNq-jISUm7E,4,Q-Match: Self-Supervised Learning For Tabular Data by Matching Distributions Induced by a Queue
zQWqV2tzDv,4,CircNet: Meshing 3D Point Clouds with Circumcenter Detection
zS9sRyaPFlJ,4,PD-MORL: Preference-Driven Multi-Objective Reinforcement Learning Algorithm
zU8O5w0Wnh1,4,Comfort Zone: A Vicinal Distribution for Regression Problems
z9SIj-IM7tn,4,Competitive Physics Informed Networks 
zzqBoIFOQ1,4,Guiding Safe Exploration with Weakest Preconditions
zyLVMgsZ0U_,4,Sampling is as easy as learning the score: theory for diffusion models with minimal data assumptions
zWwrB9wenY1U,4,Soundness and Completeness: An Algorithmic Perspective on Evaluation of Feature Attribution
zV3Q0a8--A,4,Spatiotemporal Modeling of Multivariate Signals with Graph Neural Networks and Structured State Space Models
zWy7dqOcel,4,Sampling with Mollified Interaction Energy Descent
zaEiQ2dgLv,4,MetaFS: An Effective Wrapper Feature Selection via Meta Learning
zZhX4eYNeeh,4,Achieving Sub-linear Regret in Infinite Horizon Average Reward Constrained MDP with Linear Function Approximation
zWudXc9343,4,Open-Vocabulary Panoptic Segmentation MaskCLIP
zgVDqw9ZUES,4,Adaptive Optimization in the $\infty$-Width Limit
zfiYcbeQkH,4,SciRepEval: A Multi-Format Benchmark for Scientific Document Representations
zaq4LV55xHl,4,On Pre-training Language Model for Antibody
zuQQ7GrDFfH,4,Irregularity Reflection Neural Network for Time Series Forecasting
zlwBI2gQL3K,4,Hierarchical Relational Learning for Few-Shot Knowledge Graph Completion
zqwryBoXYnh,4,PLOT: Prompt Learning with Optimal Transport for Vision-Language Models
znLlSgN-4S0,4,"More Centralized Training, Still Decentralized Execution: Multi-Agent Conditional Policy Factorization"
zZXwDQFxwib,4,Integrating Episodic and Global Novelty Bonuses for Efficient Exploration
zufPou5foW,4,RoCourseNet: Distributionally Robust Training of a Prediction Aware Recourse Model
zoz7Ze4STUL,4,Energy-based Out-of-Distribution Detection for Graph Neural Networks
ztgT8Iok130,4,Sample-efficient multi-objective molecular optimization with GFlowNets
zNQ0IywxSuU,3,REPRESENTATIVE PROTOTYPE WITH CONSTRASTIVE LEARNING FOR SEMI-SUPENVISED FEW-SHOT CLASSIFICATION
zJXg_Wmob03,3,Progressive Voronoi Diagram Subdivision Enables Accurate Data-free Class-Incremental Learning
zT5T9gHpGI,3,Adversarial Counterfactual Environment Model Learning
zVrw4OH1Lch,3,FIFA: Making Fairness More Generalizable in Classifiers Trained on Imbalanced Data
zYWtq_HUCoi,3,oViT: An Accurate Second-Order Pruning Framework for Vision Transformers
zfodIZGVWW,3,Amos: An Adam-style Optimizer with Adaptive Weight Decay towards Model-Oriented Scale
zZXztocaN9,3,BO-Muse: A Human expert and AI teaming framework for accelerated experimental design 
zlbci7019Z3,3,Error Sensitivity Modulation based Experience Replay: Mitigating Abrupt Representation Drift in Continual Learning
zjSeBTEdXp1,3,Deep Generative Wasserstein Gradient Flows
zqkfJA6R1-r,3,Improved Training of Physics-Informed Neural Networks Using Energy-Based Priors: a Study on Electrical Impedance Tomography
zoTUH3Fjup,3,Differentially private Bias-Term Only Fine-tuning of Foundation Models
zt53IDUR1U,3,MICN: Multi-scale Local and Global Context Modeling for Long-term Series Forecasting
zzL_5WoI3I,3,An Adaptive Entropy-Regularization Framework for Multi-Agent Reinforcement Learning
